{"loss":{"0":0.6921674609,"1":0.6016148925,"2":0.5689347386,"3":0.5582661629,"4":0.5523430705,"5":0.5492448211,"6":0.5493556857,"7":0.5488634109,"8":0.5479511619},"metric":{"0":0.5295407772,"1":0.6050722003,"2":0.6350983381,"3":0.6430210471,"4":0.6480955482,"5":0.6522353292,"6":0.6496120095,"7":0.6500101089,"8":0.6529253721},"val_loss":{"0":0.7237611413,"1":0.6928622127,"2":0.6933562756,"3":0.686716795,"4":0.8880295157,"5":0.682487905,"6":0.683234334,"7":0.6846560836,"8":0.6831293106},"val_metric":{"0":0.4756667018,"1":0.4436100721,"2":0.4424116611,"3":0.4397563338,"4":0.5250731707,"5":0.4272159636,"6":0.427682966,"7":0.4268826544,"8":0.4253824353},"lr":{"0":0.001,"1":0.001,"2":0.001,"3":0.00022,"4":0.00022,"5":0.0000484,"6":0.0000484,"7":0.000010648,"8":0.0000023426}}